url,title,description
https://practicaldatascience.co.uk/data-science/how-to-create-a-python-virtual-environment-for-jupyter,How to create a Python virtual environment for Jupyter,Learn how to create a virtual environment for your Jupyter notebook using venv and virtualenv to help avoid package clashes that mess up your system.
https://practicaldatascience.co.uk/data-science/how-to-engineer-date-features-using-pandas,How to engineer date features using Pandas,"In time series datasets dates often hold the key to improving performance, but they need to be transformed via feature engineering to reveal their secrets."
https://practicaldatascience.co.uk/machine-learning/how-to-impute-missing-numeric-values-in-your-dataset,How to impute missing numeric values in your dataset,Cleverly filling in the gaps when numeric data is missing from your dataset can often boost the performance of your machine learning models.
https://practicaldatascience.co.uk/machine-learning/how-to-interpret-the-confusion-matrix,How to interpret the confusion matrix,The confusion matrix can tell you more about your model than the accuracy score. We build a model to examine the breast cancer dataset to see how it works.
https://practicaldatascience.co.uk/machine-learning/how-to-use-mean-encoding-in-your-machine-learning-models,How to use mean encoding in your machine learning models,Learn how to use the mean encoding technique to generate powerful new features from your data to help your machine learning model make better predictions.
https://practicaldatascience.co.uk/data-science/how-to-use-python-regular-expressions-to-extract-information,How to use Python regular expressions to extract information,"Regular expressions, or regexes, are widely used in data science for matching specific patterns in text. Here's a quick guide to getting started with them."
https://practicaldatascience.co.uk/data-science/how-to-use-scikit-learn-datasets-in-data-science-projects,How to use scikit-learn datasets in data science projects,"To learn data science techniques you’ll need the right kind of datasets. Thankfully, many are easy to access from within the scikit-learn package."
https://practicaldatascience.co.uk/machine-learning/how-to-use-your-gpu-to-accelerate-xgboost-models,How to use your GPU to accelerate XGBoost models,Do your XGBoost machine learning models take an age to run? You could make them several times faster by using your GPU.
https://practicaldatascience.co.uk/data-science/how-to-access-google-analytics-data-in-pandas-using-gapandas,How to use GAPandas to view your Google Analytics data,"Learn how to use GAPandas to query the Google Analytics API and view, analyse, and visualise your web analytics data from within Pandas dataframes."
https://practicaldatascience.co.uk/machine-learning/how-to-a-create-a-neural-network-for-sentiment-analysis,How to create a neural network for sentiment analysis,Learn how to use a recurrent neural network and the Long Short-Term Memory model to analyse sentiment with Keras and TensorFlow in Python.
https://practicaldatascience.co.uk/machine-learning/how-to-build-hotdog-not-hotdog-image-classifier,"How to build the 'Hotdog , not Hotdog' image classifier","Learn how to classify images using Keras and TensorFlow by building the 'Hotdog, Not Hotdog' Convolutional Neural Net image classifier from Silicon Valley."
https://practicaldatascience.co.uk/data-science/how-to-create-a-collaborative-filtering-recommender-system,How to create a collaborative filtering recommender system,Learn how to use item-based and user-based collaborative filtering to create a powerful recommender system in Python. 
https://practicaldatascience.co.uk/data-science/how-to-create-a-pandas-dataframe,How to create a Pandas dataframe,"Pandas lets you create dataframes from almost any type of data, including lists, dictionaries, tuples, NumPy arrays, and files. Here’s how it’s done."
https://practicaldatascience.co.uk/machine-learning/how-to-perform-audio-source-separation-using-spleeter,How to separate audio source data using Spleeter,Learn how to use Deezer's TensorFlow powered Spleeter model to separate music into vocals and accompaniment using Python.
https://practicaldatascience.co.uk/machine-learning/how-to-perform-facial-recognition-in-python,How to perform facial recognition in Python,Facial recognition is now very effective and has become part of everyday life. Here's how to use Python to perform facial detection and facial recognition.
https://practicaldatascience.co.uk/data-science/how-to-scrape-competitor-technology-data-in-python,How to scrape competitor technology data in Python,Learn how to automate the collection of website technology data from your competitors using Builtwith and Python.
https://practicaldatascience.co.uk/data-science/how-to-scrape-json-ld-competitor-reviews-using-extruct,How to scrape JSON-LD competitor reviews using Extruct,"Here's how you can use Python, Selenium, and Extruct to create a headless web browser and scrape your competitors' reviews to analyse."
https://practicaldatascience.co.uk/machine-learning/how-to-test-your-keras-cuda-cudnn-tensorflow-install,"How to test your Keras, CUDA, CuDNN, and TensorFlow install","Setting up TensorFlow, Keras, CUDA, and CuDNN can be a painful experience on Ubuntu 20.04. Here is the combination of packages that worked for me."
https://practicaldatascience.co.uk/machine-learning/how-to-tune-model-hyper-parameters-with-grid-search,How to tune model hyper-parameters with grid search,Every scikit-learn model has hyper-parameters you can tune to obtain improvements. Here’s how to find the right hyper-parameters using GridSearch.
https://practicaldatascience.co.uk/data-engineering/how-to-use-docker-for-your-data-science-projects,How to use Docker for your data science projects,"Learning to use Docker containers for your data science projects will make configuring, deploying, and sharing models with colleagues much easier."
https://practicaldatascience.co.uk/machine-learning/how-to-use-natural-language-understanding-models,How to use Natural Language Understanding models,"Learn how to use Natural Language Understanding (NLU) via PyTorch and Hugging Face Transformers to understand sentiment, perform NER, and more."
https://practicaldatascience.co.uk/data-science/how-to-use-the-apriori-algorithm-for-market-basket-analysis,How to use the Apriori algorithm for Market Basket Analysis,Learn how to use the Apriori algorithm to run a Market Basket Analysis on Google Analytics API ecommerce data using mlxtend and GAPandas.
https://practicaldatascience.co.uk/data-science/how-to-use-the-pandas-melt-function-to-reshape-your-data,How to use melt in Pandas to reshape wide format data,Learn how to use the Pandas melt function to reshape wide format data so you can use it in your machine learning models. 
https://practicaldatascience.co.uk/machine-learning/a-quick-guide-to-learning-to-rank-models,A quick guide to Learning to Rank models,Learning to Rank or LTR models improve the performance of on-site search results on ecommerce websites via machine learning. Here’s how they work.
https://practicaldatascience.co.uk/machine-learning/a-quick-guide-to-machine-learning-uplift-models,A quick guide to machine learning uplift models,"Unlike response or propensity models, uplift models let you identify customers who will only buy if targeted with a promotion. Here’s how they work."
https://practicaldatascience.co.uk/machine-learning/a-quick-guide-to-next-product-to-buy-models,A quick guide to Next-Product-To-Buy models,"Next-Product-To-Buy or NPTB models can predict not only what a customer will buy, but also when they’ll buy it. Here's how they work."
https://practicaldatascience.co.uk/machine-learning/a-quick-guide-to-product-attribute-extraction-models,A quick guide to Product Attribute Extraction models,"Learn how to use Pandas, GeoPy, Nominatim, and Folium to geocode addresses and map their locations using Python. "
https://practicaldatascience.co.uk/data-science/dell-precision-7750-mobile-data-science-workstation-review,Dell Precision 7750 mobile data science workstation review,The Dell Precision 7750 mobile workstation is aimed at data scientists who want a laptop for GPU-accelerated data science. Is it worth the price tag?
https://practicaldatascience.co.uk/data-science/how-to-create-an-ecommerce-trading-calendar-using-pandas,How to create an ecommerce trading calendar using Pandas,"Learn how to use Pandas to create a dynamic ecommerce trading calendar of special trading events, such as Black Friday and Mother’s Day."
https://practicaldatascience.co.uk/data-engineering/how-to-create-ecommerce-data-pipelines-in-apache-airflow,How to create ecommerce data pipelines in Apache Airflow,"Apache Airflow lets you schedule, run, and monitor tasks and has become one of the most widely-used ETL tools in data science."
https://practicaldatascience.co.uk/machine-learning/how-to-encode-categorical-variables-for-machine-learning,How to encode categorical variables for machine learning,Categorical variable encoding is one of the most important machine learning pre-modeling steps. Here are some techniques you can use in your models.
https://practicaldatascience.co.uk/data-engineering/how-to-set-up-a-docker-container-for-your-mysql-server,How to set up a Docker container for your MySQL server,Learn how to create a Docker container for your MySQL or MariaDB database server so you can extract and query data locally without impacting production. 
https://practicaldatascience.co.uk/data-engineering/how-to-use-apache-druid-for-real-time-analytics-data-storage,How to use Apache Druid for real-time analytics data storage,Apache Druid is a real-time high performance analytics data store for big data that makes running queries on large datasets faster. Here’s how to use it.
https://practicaldatascience.co.uk/data-engineering/how-to-use-apache-superset-to-create-an-ecommerce-bi-platform,How to create a BI platform using Apache Superset,Learn how to create a powerful and extensible business intelligence (BI) platform for your ecommerce business using Apache Superset.
https://practicaldatascience.co.uk/machine-learning/how-to-use-nlp-to-identify-what-drives-customer-satisfaction,How to use NLP to identify what drives customer satisfaction,Learn how to use web scraping and NLP to shape your ecommerce strategy by identifying what influences customer satisfaction within your market.
https://practicaldatascience.co.uk/machine-learning/how-to-use-the-bgnbd-model-to-predict-customer-purchases,How to use the BG/NBD model to predict customer purchases,The Beta-Geometric Negative Binomial Distribution or BG/NBD model lets you predict which customers will order in the next period. Here's how it works.
https://practicaldatascience.co.uk/machine-learning/ecommerce-and-marketing-data-sets-for-machine-learning-projects,Ecommerce and marketing data sets for machine learning,Here’s a selection of some of the most useful datasets I’ve found for building machine learning models for marketing and ecommerce problems.
https://practicaldatascience.co.uk/machine-learning/how-to-annotate-training-data-for-nlp-models-using-doccano,How to annotate training data for NLP models using Doccano,Doccano is a text annotation platform for NLP that makes it much quicker and easier to label and tag named entities in your text. Here's how to use it. 
https://practicaldatascience.co.uk/machine-learning/how-to-bin-or-bucket-customer-data-using-pandas,How to bin or bucket customer data using Pandas,Data binning or bucketing is a very useful technique for both preprocessing and understanding or visualising complex data. Here’s how to use it.
https://practicaldatascience.co.uk/data-science/how-to-calculate-relative-dates-for-google-analytics-queries,How to calculate relative dates for Google Analytics queries,To automate Google Analytics API reports for Google Data Studio you’ll need to know how to calculate relative dates in Google Sheets. Here’s how it’s done.
https://practicaldatascience.co.uk/data-science/how-to-connect-to-mysql-via-an-ssh-tunnel-in-python,How to connect to MySQL via an SSH tunnel in Python,MySQL databases are usually configured to only allow secure connections via SSH. Here’s how to create an SSH tunnel and connect to MySQL from Python.
https://practicaldatascience.co.uk/data-science/how-to-create-an-abc-inventory-classification-model,How to create an ABC inventory classification model,Learn how to create an ABC inventory classification model in Python so your procurement manager to keep better track of the product inventory.
https://practicaldatascience.co.uk/machine-learning/how-to-create-image-datasets-for-machine-learning-models,How to create image datasets for machine learning models,Learn how to create an image dataset for your machine learning image classification model using Python and web scraping.
https://practicaldatascience.co.uk/machine-learning/how-to-create-synthetic-data-sets-for-machine-learning,How to create synthetic data sets for machine learning,"Learn some simple techniques you can apply using Pandas and Numpy to create dummy, synthetic, or artificial data to train your machine learning models."
https://practicaldatascience.co.uk/data-engineering/how-to-import-data-into-bigquery-using-pandas-and-mysql,How to import data into BigQuery using Pandas and MySQL,"Learn how to import data into the Google BigQuery serverless data warehouse platform using Python, Pandas, and MySQL."
https://practicaldatascience.co.uk/data-engineering/how-to-import-data-into-google-data-studio-using-python,How to import data into Google Data Studio using Python,"Google Data Studio doesn’t include native support for Python, but you can still import data from Python or MySQL via Google Sheets and GSpread. Here’s how."
https://practicaldatascience.co.uk/machine-learning/how-to-speed-up-the-nlp-text-annotation-process,How to speed up the NLP text annotation process,"Text annotation techniques like sequence labeling are vital in NLP, but are  tedious, time-consuming, and expensive. Here’s a shortcut to save time."
https://practicaldatascience.co.uk/data-engineering/how-to-use-google-secret-manager-to-improve-data-security,How to use Google Secret Manager to improve data security,Learn how to use Google Secret Manager to create secure environmental variables to hold your sensitive credentials and avoid storing them in your scripts.
https://practicaldatascience.co.uk/data-science/how-to-create-an-abc-xyz-inventory-classification-model,How to create an ABC XYZ inventory classification model,Learn how to create an ABC XYZ inventory classification model to help your operations manager keep better control of stock by examining demand variability.
https://practicaldatascience.co.uk/data-science/how-to-use-image-hashing-to-identify-visually-similar-or-duplicate-images,How to use identify visually similar images using hashing,Learn how to use image hashing or image fingerprinting to identify visually similar or duplicated images via hashes and the Hamming distance metric.
https://practicaldatascience.co.uk/data-science/how-to-analyse-search-traffic-using-the-google-trends-api,How to analyse search traffic using the Google Trends API,"Google Trends data is now being used in a range of models. Here’s how you can access the data using PyTrends, an unofficial Google Trends API."
https://practicaldatascience.co.uk/machine-learning/how-to-create-a-linear-regression-model-using-scikit-learn,How to create a linear regression model using Scikit-Learn,"Want to get started with linear regression? Learn to use Python, Pandas, and scikit-learn to create a linear regression model to predict house prices."
https://practicaldatascience.co.uk/machine-learning/how-to-create-a-response-model-to-improve-outbound-sales,How to create a response model to improve outbound sales,Learn how to use machine learning to create a response model that maximises the performance and ROI obtained from your outbound telesales team.
https://practicaldatascience.co.uk/machine-learning/how-to-create-time-series-sales-forecasts-using-prophet,How to create ecommerce sales forecasts using Prophet,Creating accurate ecommerce time series forecasts using models such as ARIMA can be tricky. The Prophet forecasting model makes things much easier.
https://practicaldatascience.co.uk/data-science/how-to-group-and-aggregate-transactional-data-using-pandas,How to group and aggregate transactional data using Pandas,Learn how to group and aggregate transactional data using Pandas to create new datasets allowing you to analyse products and customers.
https://practicaldatascience.co.uk/data-science/how-to-import-data-into-pandas-dataframes,How to import data into Pandas dataframes,"Learn how to import data into Pandas from a wide range of different data sources, from CSV and Excel files to SQL and JSON."
https://practicaldatascience.co.uk/data-science/how-to-reformat-dates-in-pandas,How to reformat dates in Pandas,Learn how to use Python and Pandas to reformat dates and datetimes so you can display them in your reports or use them in your models.
https://practicaldatascience.co.uk/data-science/how-to-resample-time-series-data-in-pandas,How to resample time series data in Pandas,"The Pandas resample function lets you group time series data by day, week, month, or year so it can be visualised or used to create model features."
https://practicaldatascience.co.uk/machine-learning/how-to-save-and-load-machine-learning-models-using-pickle,How to save and load machine learning models using Pickle,"Machine learning models can take days to train. Pickle allows you to save them to share or re-run them later, without the need for re-training."
https://practicaldatascience.co.uk/data-science/how-to-select-filter-and-subset-data-in-pandas-dataframes,"How to select, filter, and subset data in Pandas dataframes","Learn a range of useful techniques to select, filter, and subset data stored in Pandas dataframes to extract the exact information you need."
https://practicaldatascience.co.uk/machine-learning/how-to-use-category-encoders-to-transform-categorical-variables,How to use transform categorical variables using encoders,Learn how to use Category Encoders to transform and convert categorical variables to numeric data that can be used within machine learning models.
https://practicaldatascience.co.uk/machine-learning/how-to-use-model-selection-and-hyperparameter-tuning,How to use model selection and hyperparameter tuning,Model selection and hyperparameter tuning can greatly improve model performance. Learn how to use these techniques by tuning an XGBRegressor model.
https://practicaldatascience.co.uk/machine-learning/how-to-use-recursive-feature-elimination-in-your-models,How to use Recursive Feature Elimination in your models,Matt Clarke explains how you can use Recursive Feature Elimination with Cross Validation to select the best features to use in your machine learning model.
https://practicaldatascience.co.uk/machine-learning/how-to-use-smote-for-imbalanced-classification,How to use SMOTE for imbalanced classification,"SMOTE, the Synthetic Minority Oversampling Technique, is one of the best ways to handle imbalanced classification modeling tasks. Here's how to use it. "
https://practicaldatascience.co.uk/data-science/how-to-visualise-data-using-boxplots-in-seaborn,How to visualise data using boxplots in Seaborn,"Boxplots, or box-and-whisker diagrams, are a great way to visualise the statistical distribution of data. Here’s how you create them using Seaborn."
https://practicaldatascience.co.uk/data-science/how-to-visualise-data-using-histograms-in-pandas,How to visualise data using histograms in Pandas,Histograms are one of the best ways to visualise the statistical distributions of data during the EDA process. Here’s how to make them in Matplotlib.
https://practicaldatascience.co.uk/data-science/how-to-visualise-data-using-scatterplots-in-seaborn,How to visualise data using scatterplots in Seaborn,Scatterplots are a great way to visualise the distribution of data and the relationship between two variables. Here’s how you create them in Seaborn.
https://practicaldatascience.co.uk/data-science/how-to-visualise-rfm-data-using-treemaps,How to visualise RFM data using treemaps,Learn how to assign simple labels to your RFM data and visualise them using treemaps to help make the data easier for non-technical people to understand.
https://practicaldatascience.co.uk/data-science/how-to-visualise-web-analytics-data-using-heatmaps-in-seaborn,How to visualise analytics data using heatmaps in Seaborn,Heatmaps make visualising temporal data much easier. Here’s how you can create custom web analytics heatmaps using GAPandas and Seaborn.
https://practicaldatascience.co.uk/data-science/how-to-build-a-data-science-workstation,How to build a data science workstation,Building your own workstation for data science or deep learning isn’t that difficult and can save you a small fortune. Here’s how I built mine. 
https://practicaldatascience.co.uk/machine-learning/how-to-create-a-dataset-for-product-matching-models,How to create a dataset for product matching models,Datasets for the product matching models required to verify price comparisons are hard to find. Here's how you can create one to train your model. 
https://practicaldatascience.co.uk/data-science/how-to-create-an-ubuntu-desktop-entry-to-run-jupyter,How to create an Ubuntu desktop entry to run Jupyter,Here's how you can create a Gnome desktop entry shortcut launcher icon to start up Docker and open Jupyter so you can start working faster.
https://practicaldatascience.co.uk/data-science/how-to-create-desktop-data-science-apps-using-nativefier,How to create desktop data science apps using Nativefier,Nativefier makes it easy to create Ubuntu desktop applications from websites using Electron. Here’s how you can use it to create some data science apps.
https://practicaldatascience.co.uk/data-science/how-to-install-the-nvidia-data-science-stack-on-ubuntu-20-04,How to install the NVIDIA Data Science Stack on Ubuntu 20.04,The NVIDIA Data Science Stack is the quickest way to setup the drivers and packages needed for GPU-accelerated data science. Here’s how to install it.
https://practicaldatascience.co.uk/data-science/how-to-visualise-categorical-data-in-seaborn,How to visualise categorical data in Seaborn,"There’s more to visualising categorical data than bar charts. Here’s a selection of the other charts, graphs, and plots you can use on categorical data."
https://practicaldatascience.co.uk/data-science/how-to-visualise-correlations-using-pandas-and-seaborn,How to visualise correlations using Pandas and Seaborn,"Machine learning models make predictions from correlations between features and the target, so finding correlated features is crucial. Here's how to do it."
https://practicaldatascience.co.uk/data-science/how-to-visualise-data-using-barplots-in-seaborn,How to visualise data using barplots in Seaborn,Learn how to create barplots or bar charts for comparing and visualising categorical data in Python using Seaborn and Pandas.
https://practicaldatascience.co.uk/data-science/how-to-visualise-data-using-line-charts-in-seaborn,How to visualise data using line charts in Seaborn,"Line charts or line plots are among the most commonly used graphs in data science. Here’s how you can create them using Pandas, Seaborn, and Matplotlib."
https://practicaldatascience.co.uk/data-science/how-to-visualise-data-using-venn-diagrams-in-matplotlib,How to visualise data using Venn diagrams in Matplotlib,The Venn diagram is one of the most intuitive data visualisations for showing the overlap between groups of data. Here’s how to create one in Matplotlib.
https://practicaldatascience.co.uk/data-science/how-to-visualise-statistical-distributions-with-seaborn,How to visualise statistical distributions with Seaborn,Understanding the statistical distribution of data is a crucial step in machine learning. Here’s a quick guide to visualising distributions using Seaborn.
https://practicaldatascience.co.uk/data-science/how-to-visualise-text-data-using-word-clouds-in-python,How to visualise text data using word clouds in Python,"Word clouds, tag clouds, or wordles are an intuitive way to present text data to non-technical people. Here's how you can create them in Python."
https://practicaldatascience.co.uk/data-science/the-four-python-data-science-libraries-you-need-to-learn,The four Python data science libraries you need to learn,"If you're learning data science, there are four Python data science libraries you absolutely need to learn to be proficient."
https://practicaldatascience.co.uk/data-science/how-to-open-read-and-write-to-files-in-python,"How to open, read, and write to files in Python","Python makes it very straightforward to open, read, and write data to files. Here's a quick guide to show you how it's done."
https://practicaldatascience.co.uk/data-science/how-to-query-mysql-and-other-databases-using-pandas,How to query MySQL and other databases using Pandas,Querying MySQL and other databases using Pandas in Jupyter notebooks will change the way you work forever. Here’s how it's done...
https://practicaldatascience.co.uk/data-science/how-to-the-pandas-value-counts-function,How to use the Pandas value_counts() function,The Pandas value_counts() function is great for calculating the number of occurrences of a value in a column and for calculating frequency distributions.
https://practicaldatascience.co.uk/data-science/how-to-use-docstrings-to-improve-your-python-code,How to use docstrings to improve your Python code,"Using docstrings in Python makes it easier to see what functions do, what arguments they accept, and what they return. Here’s how to use them."
https://practicaldatascience.co.uk/data-science/how-to-use-git-for-your-data-science-projects,How to use Git for your data science projects,Learn how to use Git for your data science projects so you can keep your code backed-up and share it with your colleagues or the data science community.
https://practicaldatascience.co.uk/data-science/how-to-use-lists-in-python,How to use lists in Python,Lists are one of the most widely used data storage objects or data types within Python and are used in every data science package. Here’s how to use them.
https://practicaldatascience.co.uk/data-science/how-to-use-operators-in-python,How to use operators in Python,Python operators are one of the most important components of the language to grasp. Here’s a basic guide to operators in Python to get you started.
https://practicaldatascience.co.uk/data-science/how-to-use-sqlite-in-python,How to use SQLite in Python,"The SQLite relational database management system is fast, lightweight, and easy to use. Here's how you can get started with SQLite using Python."
https://practicaldatascience.co.uk/data-science/how-to-use-style-guidelines-to-improve-your-python-code,How to use style guidelines to improve your Python code,"Learn how and why following Python style guidelines can make your code easier to understand, review, and debug."
https://practicaldatascience.co.uk/data-science/how-to-visualise-conversion-funnels-with-plotly,How to visualise conversion funnels with Plotly,Funnels are one of the most useful and intuitive data visualisations used in ecommerce and marketing. Here's a quick guide to creating them using Plotly.
https://practicaldatascience.co.uk/data-science/how-to-visualise-data-with-quirky-hand-drawn-plots,How to visualise data with quirky hand-drawn plots,Want to dumb-down your plots and charts for your target audience? CuteCharts allows you to create quirky plots with a hand-drawn feel. Here's how it works.
https://practicaldatascience.co.uk/data-science/how-to-write-better-code-using-dry-and-do-one-thing,How to write better code using DRY and Do One Thing,"Learn how to use the Don’t Repeat Yourself and Do One Thing techniques to help you create Python code that is easier to read, understand, and maintain. "
https://practicaldatascience.co.uk/data-engineering/the-difference-between-data-scientists-and-data-engineers,The difference between data scientists and data engineers,"Despite the growing demand, many people still don’t understand the difference between a data scientist and a data engineer. Here’s how the roles differ."
https://practicaldatascience.co.uk/data-science/how-to-create-a-python-web-scraper-using-beautiful-soup,How to create a Python web scraper using Beautiful Soup,Beautiful Soup is one of the most powerful libraries for performing web scraping in Python. Here's a step-by-step guide to using it to scrape a website.
https://practicaldatascience.co.uk/data-science/how-to-create-paid-search-keywords-using-pandas,How to create paid search keywords using Pandas,"Pandas is a powerful tool for marketers, especially those involved in paid search advertising. Here’s how you can use Pandas to generate PPC keywords."
https://practicaldatascience.co.uk/data-science/how-to-geocode-and-map-addresses-in-geopy,How to geocode and map addresses using GeoPy,"Learn how to use GeoPy, Nominatim, and Folium to geocode and plot Pizza Express branches in the vicinity of Buckingham Palace, without breaking a sweat."
https://practicaldatascience.co.uk/data-science/how-to-send-a-slack-message-in-python-using-webhooks,How to send a Slack message in Python using webhooks,"It’s really easy to send Slack messages using Python. In this project, we’ll create a really basic Slack app that uses webhooks to send a Slack message."
https://practicaldatascience.co.uk/data-science/how-to-use-screamingfrog-from-the-command-line,How to use Screaming Frog from the command line,The Screaming Frog SEO Spider is widely used in digital marketing and ecommerce and has a powerful command line interface to complement its GUI.
https://practicaldatascience.co.uk/machine-learning/a-quick-guide-to-search-intent-classification-for-seo,A quick guide to search intent classification for SEO,Search intent classification aims to categorise search queries by user intent. But how do you do this and why is it even important? Matt Clarke explains...
https://practicaldatascience.co.uk/data-science/how-to-access-the-google-search-console-api-using-python,How to access the Google Search Console API using Python,By accessing Google Search Console data using the Python API you'll have access to whatever data you want and can easily connect it to other data sources.
https://practicaldatascience.co.uk/data-science/how-to-analyse-non-ranking-pages-and-index-bloat-using-python,How to analyse non-ranking pages and search index bloat,Learn how you can use Python to identify how many non-ranking pages your site has and check whether you're a victim of search index bloat.
https://practicaldatascience.co.uk/data-science/how-to-analyse-pandas-dataframes-using-sql,How to analyse Pandas dataframes using SQL,Learn how to use PandaSQL and query the data in your Pandas dataframes using SQL queries instead of complex Pandas code.
https://practicaldatascience.co.uk/data-science/how-to-audit-a-sites-core-web-vitals-using-python,How to audit a site's Core Web Vitals using Python,Core Web Vitals are performance metrics that measure the quality of the user experience and are now a search ranking factor. Here’s how to access them.
https://practicaldatascience.co.uk/machine-learning/how-to-avoid-model-overfitting-with-early-stopping-rounds,How to avoid model overfitting with early stopping rounds,Overfitting reduces model performance. Here's how you can avoid it using the early stopping rounds feature in XGBoost.
https://practicaldatascience.co.uk/data-science/how-to-build-a-web-scraper-using-requests-html,How to build a web scraper using Requests-HTML,Requests-HTML wraps up the best bits from Requests and Beautiful Soup packages to create a web scraper that’s quick and easy to use. Here’s how it works.
https://practicaldatascience.co.uk/data-science/how-to-calculate-economic-order-quantity-in-python,How to calculate Economic Order Quantity in Python,"Learn how to calculate the Economic Order Quantity or EOQ for a product to minimise holding costs, shortage costs, and order costs."
https://practicaldatascience.co.uk/machine-learning/how-to-detect-fake-news-with-machine-learning,How to detect fake news with machine learning,Learn the Natural Language Processing techniques you need to use to identify fake news from real news in Python.
https://practicaldatascience.co.uk/machine-learning/how-to-detect-sarcasm-using-machine-learning,How to detect sarcasm using machine learning,"Can you tell when someone is taking the piss, when they haven't used a winking smiley? In this project we'll use machine learning to find the answer..."
https://practicaldatascience.co.uk/data-science/how-to-download-files-with-python,How to download files with Python,The Python urllib package allows you to download files from remote servers to use in your projects. Here's how you can use it.
https://practicaldatascience.co.uk/data-science/how-to-identify-keyword-cannibalisation-using-python,How to identify keyword cannibalisation using Python,Learn how to use Python to identify keyword cannibalisation which occurs when multiple pages compete for the same keywords.
https://practicaldatascience.co.uk/data-science/how-to-parse-url-structures-using-python,How to parse URL structures using Python,"When analysing web data, it’s common to need to parse URLs and extract the domain, directories, query string and other components. Here’s how it’s done."
https://practicaldatascience.co.uk/data-science/how-to-parse-xml-sitemaps-using-python,How to parse XML sitemaps using Python,XML sitemaps are a great way to gain insight on your competitors’ websites and identify pages to crawl and scrape. Here’s how to parse them using Python.
https://practicaldatascience.co.uk/machine-learning/how-to-preprocess-text-for-nlp-in-four-easy-steps,How to preprocess text for NLP in four easy steps,"Learn how to apply tokenization, stopword removal, Porter stemming, and re-joining to preprocess your NLP model inputs prior to vectorization."
https://practicaldatascience.co.uk/data-science/how-to-resize-and-compress-images-with-tinypng,How to resize and compress images with TinyPNG,"Learn how to use the TinyPNG API in Python to bulk resize and compress images to improve site performance, SEO, and reduce bandwidth costs."
https://practicaldatascience.co.uk/data-science/how-to-scan-a-site-404-errors-and-301-redirect-chains,How to scan a site for 404 errors and 301 redirect chains,404 errors and 301 redirect chains can be damaging to the performance of a website and impact the user experience. Here’s how to find them with Python.
https://practicaldatascience.co.uk/data-science/how-to-scrape-a-sites-page-titles-and-meta-descriptions,How to scrape a site's page titles and meta descriptions,Learn how to apply web scraping tools to scrape a site's content and parse the titles and descriptions and return the output in a Pandas dataframe.
https://practicaldatascience.co.uk/data-science/how-to-scrape-and-parse-a-robotstxt-with-python,How to scrape and parse a robots.txt file using Python,"The robots.txt file includes potential useful information for crawlers and spiders, and is easy to grab and parse using Python. Here’s how it’s done."
https://practicaldatascience.co.uk/data-science/how-to-scrape-open-graph-protocol-data-using-python,How to scrape Open Graph protocol data using Python,"Learn how to use web scraping technologies, including urllib and Beautiful Soup, to scrape a website and parse any embedded Open Graph protocol data."
https://practicaldatascience.co.uk/data-science/how-to-send-data-to-google-analytics-in-python-using-pygamp,How to send data to Google Analytics in Python with PyGAMP,PyGAMP allows you to insert data into Google Analytics using the Measurement Protocol API in Python. Here's how you can use it.
https://practicaldatascience.co.uk/data-science/how-to-unserialize-serialized-php-arrays-using-python,How to unserialize serialized PHP arrays using Python,"PHP serialized arrays and objects are common in ecommerce database schemas, but are a massive pain in the arse from a data science perspective..."
https://practicaldatascience.co.uk/data-science/how-to-unzip-files-with-python,How to unzip files with Python,"If you're downloading large zipped datasets via automated Python scripts, you may need to decompress the zip files. Here's how it's done."
https://practicaldatascience.co.uk/data-science/how-to-use-extruct-to-identify-schema-org-metadata-usage,How to use Extruct to identify Schema.org metadata usage,"Extruct allows you to reveal a site's Schema.org metadata implementation, so you can build a more stable and efficient web scraper. Here's how to use it."
https://practicaldatascience.co.uk/machine-learning/how-to-use-knee-point-detection-in-k-means-clustering,How to use knee point detection in k means clustering,Learn how to use the Kneedle algorithm to detect the knee or elbow point when k means clustering so you define the optimum number of clusters to create.
https://practicaldatascience.co.uk/machine-learning/how-to-use-pipelines-in-your-machine-learning-models,How to use pipelines in your machine learning models,"Using pipelines keeps machine learning code cleaner, easier to maintain, easier to move to production, and lets you apply a range of additional techniques."
https://practicaldatascience.co.uk/data-science/a-quick-guide-to-catalogue-marketing-data-science,A quick guide to catalogue marketing data science,"Catalogues may be living on borrowed time, but the data science techniques they led to are just as important to other areas of marketing."
https://practicaldatascience.co.uk/data-science/how-to-access-the-google-knowledge-graph-search-api,How to access the Google Knowledge Graph Search API,The Google Knowledge Graph powers the Knowledge Panels and infobox elements of Google’s search results. Here’s how you can access it using Python.
https://practicaldatascience.co.uk/data-science/how-to-calculate-category-management-metrics-in-python,How to calculate category management metrics in Python,Category management metrics can let you understand product sales and be more strategic in your pricing and product launches. Here’s how to calculate them.
https://practicaldatascience.co.uk/data-science/how-to-calculate-customer-satisfaction-metrics-in-python,How to calculate customer experience metrics in Python,"Customer experience and customer satisfaction is what drives customer retention, so it’s vital that you can measure it. Here's how it's done in Python."
https://practicaldatascience.co.uk/data-science/how-to-calculate-marketing-metrics-in-python,How to calculate marketing metrics in Python,Need to include common marketing metrics in your analyses or data science projects? Here's how you can calculate them in Python.
https://practicaldatascience.co.uk/data-science/how-to-calculate-operations-management-metrics-in-python,How to calculate operations management metrics in Python,"There are a range of standard metrics used in production, operations, and supply chain management. Here's how you can calculate them in Python."
https://practicaldatascience.co.uk/data-science/how-to-calculate-safety-stock-and-reorder-point,How to calculate safety stock and reorder point,Calculating the safety stock and reorder point metrics for each of your SKUs can greatly reduce the likelihood of costly stock-outs affecting your business. Here's how it's done.
https://practicaldatascience.co.uk/machine-learning/how-to-classify-customer-support-tickets-using-naive-bayes,How to classify customer support tickets using Naive Bayes,Improve the efficiency of your customer service team by creating a Naive Bayes model to classify support tickets and route them to the right person.
https://practicaldatascience.co.uk/data-science/how-to-count-indexed-pages-using-python,How to count indexed pages using Python,Learn how to use Python to count the number of pages a website has indexed in Google to help you monitor its size and growth rate.
https://practicaldatascience.co.uk/data-science/how-to-create-a-dataset-containing-all-uk-companies,How to create a dataset containing all UK companies,B2B ecommerce retailers spend large amounts on acquiring the addresses of potential customers to call. Here’s how you build a dataset on your own for free.
https://practicaldatascience.co.uk/data-science/how-to-create-a-google-search-console-anomaly-detection-model,How to detect Google Search Console anomalies,Learn how to use Python to export data from the Google Search Console API using Python and construct simple anomaly detection models to identify issues.
https://practicaldatascience.co.uk/machine-learning/how-to-create-a-naive-bayes-product-classification-model,How to create a Naive Bayes product classification model,Learn how to use NLP techniques to create a Multinomial Naive Bayes product classification model to automatically assign products to the right category.
https://practicaldatascience.co.uk/machine-learning/how-to-create-a-product-matching-model-using-xgboost,How to create a product matching model using XGBoost,Product matching algorithms find identical products on ecommerce sites so users can compare products and retailers can compare prices. Here’s to build one.
https://practicaldatascience.co.uk/data-science/how-to-create-a-uk-data-science-jobs-dataset,How to create a UK data science jobs dataset,Want to analyse the data science and data engineering job market? Here's a quick guide to building a dataset of jobs and job requirements using Python.
https://practicaldatascience.co.uk/data-science/how-to-create-targeted-b2b-company-sector-datasets,How to create targeted B2B company sector datasets,"Learn how to create targeted B2B company datasets for free using Python, Pandas, and Companies House data."
https://practicaldatascience.co.uk/data-science/how-to-engineer-customer-purchase-latency-features,How to engineer customer purchase latency features,Learn how to engineer customer purchase latency features based on the time between each customer's orders so you can improve your model performance.
https://practicaldatascience.co.uk/machine-learning/how-to-find-spelling-and-grammar-issues-on-product-pages,How to find spelling and grammar issues on product pages,Spelling and grammar issues on product detail pages can make your site look unprofessional. Here’s how you can use Pandas and LanguageTool to find them.
https://practicaldatascience.co.uk/data-science/how-to-identify-seo-keywords-using-google-autocomplete,How to identify SEO keywords using Google Autocomplete,Learn how to use Python to identify the most popular SEO keywords linked to your search term by scraping the output of Google's Autocomplete feature.
https://practicaldatascience.co.uk/data-science/how-to-join-google-analytics-and-google-search-console-data,How to join Google Analytics and Google Search Console data,Learn how to use Python to connect your Google Search Console API data to your Google Analytics Reporting API data using Pandas and GAPandas.
https://practicaldatascience.co.uk/machine-learning/how-to-perform-time-series-decomposition,How to perform time series decomposition,Time series decomposition lets you separate the trend and seasonality in your data so you can see what's happening beneath. Here's how it's done.
https://practicaldatascience.co.uk/data-science/how-to-scrape-google-search-results-using-python,How to scrape Google search results using Python,Scraping Google search results using Python can save you loads of time and give you data that aids a wide range of technical SEO and data science analyses. 
https://practicaldatascience.co.uk/data-science/how-to-scrape-people-also-ask-data-using-python,How to scrape People Also Ask data using Python,Google’s People Also Ask or PAA boxes are increasingly common for popular search terms and are worth trying to appear within. Learn how to scrape them.
https://practicaldatascience.co.uk/data-science/how-to-scrape-schemaorg-metadata-using-python,How to scrape schema.org metadata using Python,"Learn to scrape more efficiently by extracting Schema.org metadata in JSON-LD, Microdata, and OpenGraph formats using Extruct and Requests."
https://practicaldatascience.co.uk/machine-learning/how-to-use-bagging-boosting-and-stacking-in-ensemble-models,"How to use bagging, boosting, and stacking in ensembles","Learn how to use ensemble models that utilise bagging, boosting, and stacking to generate better results than one model alone."
https://practicaldatascience.co.uk/data-science/how-to-use-spintax-to-create-content-and-ad-copy-in-python,How to use Spintax to create content and ad copy in Python,"Although Spintax was mainly used for the production of low quality articles, and emails from Nigerian princes, it can also use it for legitimate purposes..."
https://practicaldatascience.co.uk/data-science/how-to-analyse-product-consumption-and-repurchase-rate,How to analyse product consumption and repurchase rates,"Learn how to shape your product, content, and pricing strategy by analysing product consumption and repurchase rates by product using Pandas."
https://practicaldatascience.co.uk/machine-learning/how-to-assess-product-copy-using-eqa-models,How to assess product copy using EQA models,Learn how to use Extractive Question Answering or EQA models to assess the quality of your ecommerce product copy.
https://practicaldatascience.co.uk/data-science/how-to-assign-rfm-scores-with-quantile-based-discretization,How to assign RFM scores with quantile-based discretization,"Learn how to use quantile-based discretization and K-means clustering to assign scores to your customers based on recency, frequency, and monetary value."
https://practicaldatascience.co.uk/machine-learning/how-to-auto-generate-product-summaries-using-deep-learning,How to auto-generate product summaries using deep learning,Learn how to use Transformer models to automatically generate summaries from ecommerce product descriptions and save your copywriters days of time.
https://practicaldatascience.co.uk/data-science/how-to-calculate-clv-using-bgnbd-and-gamma-gamma,How to calculate CLV using BG/NBD and Gamma-Gamma,Calculating Customer Lifetime Value is hard to do right. Learn how to calculate CLV using the BG/NBD and Gamma-Gamma models in Python.
https://practicaldatascience.co.uk/machine-learning/how-to-classify-customer-service-emails-with-bart-mnli,How to classify customer service emails with Bart MNLI,Make your ecommerce customer service team more efficient by classifying their support emails automatically using Bart MNLI via zero-shot learning.
https://practicaldatascience.co.uk/machine-learning/how-to-create-a-non-contractual-churn-model-for-your-ecommerce-site,How to create a non-contractual churn model for ecommerce,Learn how to create a non-contractual churn model to let you predict churn and identify which customers you are about to lose unless you react.
https://practicaldatascience.co.uk/data-science/how-to-create-a-product-and-price-metadata-scraper,How to create a product and price metadata scraper,Learn how to keep tabs on your competitors' pricing by building a universal product price scraper that utilise schema.org metadata instead of custom HTML.
https://practicaldatascience.co.uk/data-science/how-to-create-content-recommendations-using-tf-idf,How to create content recommendations using TF-IDF,Learn how to use the Term-Frequency Inverse Document Frequency (TF-IDF) and cosine similarity to generate content recommendations for a classic car site.
https://practicaldatascience.co.uk/machine-learning/how-to-create-ecommerce-anomaly-detection-models,How to create ecommerce anomaly detection models,Learn how to use the Anomaly Detection Toolkit (ADTK) to identify anomalies in ecommerce data extracted from your Google Analytics account.
https://practicaldatascience.co.uk/data-science/how-to-identify-near-duplicate-content-using-lms,How to identify near duplicate content using LMS,Learn how to detect near duplicate content using the Longest Matching Subsequence (LMS) technique in Python and boost your SEO performance.
https://practicaldatascience.co.uk/machine-learning/how-to-identify-the-causes-of-customer-churn,How to identify the causes of customer churn,To improve your retention rate you first need to identify what is causing customer churn. Here’s how to Cox’s Proportional Hazards model to find out.
https://practicaldatascience.co.uk/data-science/how-to-machine-translate-product-descriptions,How to machine translate product descriptions,"Machine translation systems, such as Google Translate, make it quick and easy to bulk translate product copy and other content. Here’s how it’s done."
https://practicaldatascience.co.uk/data-science/how-to-perform-a-customer-cohort-analysis-in-pandas,How to perform a customer cohort analysis in Pandas,Cohort analysis examines differences between customers over time and is a powerful tool in guiding ecommerce acquisition strategy. Here's how it's done.
https://practicaldatascience.co.uk/data-science/how-to-segment-customers-based-on-their-value-using-rfm-and-abc,How to segment customers using RFM and ABC,Creating a value-based segmentation using RFM and ABC is a great way to tell the good customers from the bad ones. Here's how it's done.
https://practicaldatascience.co.uk/machine-learning/how-to-use-k-means-clustering-for-customer-segmentation,How to use k means clustering for customer segmentation,K means clustering is the most widely used unsupervised learning algorithm and is well-suited to customer segmentation models. Here’s how you can use it.
https://practicaldatascience.co.uk/machine-learning/how-to-use-the-isolation-forest-model-for-outlier-detection,How to use the Isolation Forest model for outlier detection,Learn how to use the Isolation Forest or iForest algorithm for automated outlier detection in machine learning. 
https://practicaldatascience.co.uk/data-science/how-to-use-ecommercetools-for-technical-seo,How to use EcommerceTools for technical SEO,"The EcommerceTools package lets you check SERPs, examine robots.txt files, analyse Core Web Vitals, and much more. Here's how to use it."
https://practicaldatascience.co.uk/data-science/how-to-quickly-segment-your-customers-using-ecommercetools,How to segment your customers using EcommerceTools,EcommerceTools makes it quick and easy to segment your customers using a range of powerful techniques and predict their future behaviour and value.
https://practicaldatascience.co.uk/data-science/how-to-create-monthly-google-analytics-reports-in-pandas,How to create monthly Google Analytics reports in Pandas,Here's how you can use GAPandas to create monthly marketing and ecommerce reports of your data in Pandas via the Google Analytics API.
https://practicaldatascience.co.uk/data-science/how-to-create-pdf-reports-in-python-using-pandas-and-gilfoyle,How to create PDF reports in Python using Pandas and Gilfoyle,"To save time, I created a Python package for generating PDF reports and presentations. Here's how you can use it to create automated ecommerce and marketing reports."
https://practicaldatascience.co.uk/data-science/15-ways-you-can-use-data-science-to-boost-ecommerce-performance,15 ways you can use data science to boost ecommerce performance,"There are dozens of use cases for ecommerce data science, covering everything from segmentation to uplift modeling. Here's a selection of 15 of the best."
https://practicaldatascience.co.uk/data-science/how-to-create-a-simple-product-recommender-system-in-pandas,How to create a simple product recommender system in Pandas,Collaborative filtering is so easy to use to create product recommendations that you can perform the entire process in Pandas. Here's how...
https://practicaldatascience.co.uk/machine-learning/how-to-create-time-series-forecasts-with-neural-prophet,How to make time series forecasts with Neural Prophet,The Neural Prophet time series forecasting model was developed by Facebook and is a powerful tool for predicting future events.
https://practicaldatascience.co.uk/data-science/how-to-scrape-google-results-in-three-lines-of-python-code,How to scrape Google results in three lines of Python code,Here's a quick and easy way to scrape Google search engine results into a Pandas dataframe in just three lines of Python code...
https://practicaldatascience.co.uk/machine-learning/how-to-create-a-basic-marketing-mix-model-in-scikit-learn,How to create a basic Marketing Mix Model in scikit-learn,Marketing Mix Models (MMMs) let you test what marketing results you'll get from changing the amount you spend on marketing activity. Here's how to build one.
https://practicaldatascience.co.uk/data-science/how-to-identify-internal-and-external-links-using-python,How to identify internal and external links using Python,Python is a powerful tool for identifying internal linking opportunities that help you improve SEO and reduce bounce rate. Here's how to apply it.
https://practicaldatascience.co.uk/data-science/19-python-seo-projects-that-will-improve-your-site,19 Python SEO projects that will improve your site,Using Python for SEO is really catching on. There are loads of powerful ways you can use the language to improve your site and make your work more efficient. Here are 19 of the best.
https://practicaldatascience.co.uk/machine-learning/how-to-auto-generate-meta-descriptions-with-ecommercetools,How to auto-generate meta descriptions with EcommerceTools,Save yourself days of work by using deep learning to generate missing meta descriptions using the Bart text summarisation feature in EcommerceTools.
https://practicaldatascience.co.uk/data-science/how-to-read-an-rss-feed-in-python,How to read an RSS feed in Python,"Learn how to use Requests-HTML to read an RSS feed in Python, parse the feed contents, and write the text to a Pandas dataframe."
https://practicaldatascience.co.uk/about,About me,"The Practical Data Science website is written by Matt Clarke, a Digital Director and specialist in ecommerce, and marketing science."
https://practicaldatascience.co.uk/data-science-courses,Data science courses,Browse our curated selection of hundreds of free and paid data science courses from the world's top providers.
https://practicaldatascience.co.uk/,Practical Data Science,Practical Data Science provides articles and tutorials on data science and machine learning in Python to help you get better at your day job.
https://practicaldatascience.co.uk/search,Search,"Search the Practical Data Science blog for hundreds of free tutorials on data science, machine learning, and data engineering."
https://practicaldatascience.co.uk/sitemap,Sitemap,"Here's the full list of our articles, tutorials, and code examples on data science, machine learning, and data engineering."
https://practicaldatascience.co.uk/tag/python/,Articles and tutorials on Python programming for data science,Articles and tutorials on Python programming for data science
https://practicaldatascience.co.uk/tag/best-practice/,Articles and tutorials on data science best practice,Articles and tutorials on data science best practice
https://practicaldatascience.co.uk/tag/feature-engineering/,Articles and tutorials on feature engineering,Articles and tutorials on feature engineering for machine learning
https://practicaldatascience.co.uk/tag/pandas/,Articles and tutorials on data science with Pandas,Articles and tutorials on data science with Pandas
https://practicaldatascience.co.uk/tag/time-series/,Articles and tutorials on time series data science,Articles and tutorials on time series data science
https://practicaldatascience.co.uk/tag/numpy/,Articles and tutorials on data science with Numpy,Articles and tutorials on data science with Numpy
https://practicaldatascience.co.uk/tag/scikit-learn/,Articles and tutorials on data science with scikit-learn,Articles and tutorials on data science with scikit-learn
https://practicaldatascience.co.uk/tag/xgboost/,Articles and tutorials on machine learning with XGBoost,Articles and tutorials on machine learning with XGBoost
https://practicaldatascience.co.uk/tag/datasets/,Articles and tutorials on datasets,Articles and tutorials on datasets
https://practicaldatascience.co.uk/tag/google-analytics/,Articles and tutorials on Google Analytics and data science,Articles and tutorials on Google Analytics and data science
https://practicaldatascience.co.uk/tag/web-analytics/,Articles and tutorials on web analytics,Articles and tutorials on web analytics
https://practicaldatascience.co.uk/tag/marketing-science/,Articles and tutorials on data science for marketing,Articles and tutorials on data science for marketing
https://practicaldatascience.co.uk/tag/tensorflow/,Articles and tutorials on data science with TensorFlow,Articles and tutorials on data science with TensorFlow
https://practicaldatascience.co.uk/tag/natural-language-processing/,Articles and tutorials on natural language processing,Articles and tutorials on natural language processing
https://practicaldatascience.co.uk/tag/image-recognition/,Articles and tutorials on data science with image recognition,Articles and tutorials on data science with image recognition
https://practicaldatascience.co.uk/tag/technical-ecommerce/,Ecommerce data science articles and tutorials,Ecommerce data science articles and tutorials
https://practicaldatascience.co.uk/tag/web-scraping/,Articles and tutorials on web scraping,Articles and tutorials on web scraping
https://practicaldatascience.co.uk/tag/customer-experience/,Articles and tutorials on customer experience data science,Articles and tutorials on customer experience data science
https://practicaldatascience.co.uk/tag/ubuntu/,Articles and tutorials on data science with Ubuntu,Articles and tutorials on data science with Ubuntu
https://practicaldatascience.co.uk/tag/docker/,Articles and tutorials on data science using Docker,Articles and tutorials on data science using Docker
https://practicaldatascience.co.uk/tag/sql/,Articles and tutorials on SQL for data science,Articles and tutorials on SQL for data science
https://practicaldatascience.co.uk/tag/google-cloud-platform/,Articles and tutorials on data science with Google Cloud Platform,Articles and tutorials on data science with Google Cloud Platform
https://practicaldatascience.co.uk/tag/operations-management/,Articles and tutorials on data science in operations management,Articles and tutorials on data science in operations management
https://practicaldatascience.co.uk/tag/technical-seo/,Articles and tutorials on technical SEO with Python,Articles and tutorials on technical SEO with Python
https://practicaldatascience.co.uk/tag/data-visualisation/,Articles and tutorials on data visualisation,Articles and tutorials on data visualisation
https://practicaldatascience.co.uk/data-science/,Python data science tutorials and articles,Articles and tutorials on data science using Python
https://practicaldatascience.co.uk/machine-learning/,Python machine learning tutorials and articles,Articles and tutorials on machine learning using Python
https://practicaldatascience.co.uk/data-engineering/,Data engineering articles and tutorials,Articles and tutorials on data engineering
https://practicaldatascience.co.uk/page2/,Practical Data Science,Practical Data Science provides articles and tutorials on data science and machine learning in Python to help you get better at your day job.
https://practicaldatascience.co.uk/page3/,Practical Data Science,Practical Data Science provides articles and tutorials on data science and machine learning in Python to help you get better at your day job.
https://practicaldatascience.co.uk/page4/,Practical Data Science,Practical Data Science provides articles and tutorials on data science and machine learning in Python to help you get better at your day job.
https://practicaldatascience.co.uk/page5/,Practical Data Science,Practical Data Science provides articles and tutorials on data science and machine learning in Python to help you get better at your day job.
https://practicaldatascience.co.uk/page6/,Practical Data Science,Practical Data Science provides articles and tutorials on data science and machine learning in Python to help you get better at your day job.
https://practicaldatascience.co.uk/page7/,Practical Data Science,Practical Data Science provides articles and tutorials on data science and machine learning in Python to help you get better at your day job.
https://practicaldatascience.co.uk/page8/,Practical Data Science,Practical Data Science provides articles and tutorials on data science and machine learning in Python to help you get better at your day job.
https://practicaldatascience.co.uk/assets/files/marketing.pdf,,
